Time,200
12/13/2023 12:45,3.30 K
12/13/2023 12:45,3.30 K
12/13/2023 12:45,3.30 K
12/13/2023 12:45,3.31 K
12/13/2023 12:45,3.31 K
12/13/2023 12:45,3.31 K
12/13/2023 12:45,3.31 K
12/13/2023 12:45,2.90 K
12/13/2023 12:45,3.31 K
12/13/2023 12:45,3.31 K
12/13/2023 12:45,3.29 K
12/13/2023 12:45,3.29 K
12/13/2023 12:45,3.29 K
12/13/2023 12:45,3.23 K
12/13/2023 12:45,3.23 K
12/13/2023 12:45,3.29 K
12/13/2023 12:45,3.29 K
12/13/2023 12:45,3.29 K
12/13/2023 12:45,3.32 K
12/13/2023 12:45,3.32 K
12/13/2023 12:45,3.30 K
12/13/2023 12:46,3.30 K
12/13/2023 12:46,3.30 K
12/13/2023 12:46,3.31 K
12/13/2023 12:46,3.31 K
12/13/2023 12:46,3.32 K
12/13/2023 12:46,3.32 K
12/13/2023 12:46,3.32 K
12/13/2023 12:46,3.29 K
12/13/2023 12:46,3.29 K
12/13/2023 12:46,3.30 K
12/13/2023 12:46,3.30 K
12/13/2023 12:46,3.30 K
12/13/2023 12:46,3.32 K
12/13/2023 12:46,3.32 K
12/13/2023 12:46,3.30 K
12/13/2023 12:46,3.30 K
12/13/2023 12:46,3.30 K
12/13/2023 12:46,3.29 K
12/13/2023 12:46,3.29 K
12/13/2023 12:46,3.30 K
12/13/2023 12:46,3.30 K
12/13/2023 12:46,3.30 K
12/13/2023 12:46,3.31 K
12/13/2023 12:46,3.31 K
12/13/2023 12:46,3.30 K
12/13/2023 12:46,3.30 K
12/13/2023 12:46,3.30 K
12/13/2023 12:46,3.31 K
12/13/2023 12:46,3.31 K
12/13/2023 12:46,3.31 K
12/13/2023 12:47,3.31 K
12/13/2023 12:47,3.31 K
12/13/2023 12:47,3.30 K
12/13/2023 12:47,3.30 K
12/13/2023 12:47,3.30 K
12/13/2023 12:47,3.30 K
12/13/2023 12:47,3.30 K
12/13/2023 12:47,3.32 K
12/13/2023 12:47,3.32 K
12/13/2023 12:47,3.31 K
12/13/2023 12:47,3.31 K
12/13/2023 12:47,3.31 K
12/13/2023 12:47,3.31 K
12/13/2023 12:47,3.31 K
12/13/2023 12:47,3.29 K
12/13/2023 12:47,3.29 K
12/13/2023 12:47,3.29 K
12/13/2023 12:47,3.30 K
12/13/2023 12:47,3.30 K
12/13/2023 12:47,3.29 K
12/13/2023 12:47,3.29 K
12/13/2023 12:47,3.29 K
12/13/2023 12:47,3.32 K
12/13/2023 12:47,3.32 K
12/13/2023 12:47,3.31 K
12/13/2023 12:47,3.31 K
12/13/2023 12:47,3.31 K
12/13/2023 12:47,3.30 K
12/13/2023 12:47,3.30 K
12/13/2023 12:47,3.33 K
12/13/2023 12:48,3.33 K
12/13/2023 12:48,3.33 K
12/13/2023 12:48,3.32 K
12/13/2023 12:48,3.32 K
12/13/2023 12:48,3.31 K
12/13/2023 12:48,3.31 K
12/13/2023 12:48,3.31 K
12/13/2023 12:48,3.29 K
12/13/2023 12:48,3.29 K
12/13/2023 12:48,3.30 K
12/13/2023 12:48,3.30 K
12/13/2023 12:48,3.30 K
12/13/2023 12:48,3.31 K
12/13/2023 12:48,3.31 K
12/13/2023 12:48,3.30 K
12/13/2023 12:48,3.30 K
12/13/2023 12:48,3.30 K
12/13/2023 12:48,3.31 K
12/13/2023 12:48,3.31 K
12/13/2023 12:48,3.30 K
12/13/2023 12:48,3.30 K
12/13/2023 12:48,3.30 K
12/13/2023 12:48,3.31 K
12/13/2023 12:48,3.31 K
12/13/2023 12:48,3.32 K
12/13/2023 12:48,3.32 K
12/13/2023 12:48,3.32 K
12/13/2023 12:48,3.31 K
12/13/2023 12:48,3.31 K
12/13/2023 12:48,3.30 K
12/13/2023 12:49,3.30 K
12/13/2023 12:49,3.30 K
12/13/2023 12:49,3.32 K
12/13/2023 12:49,3.32 K
12/13/2023 12:49,3.30 K
12/13/2023 12:49,3.30 K
12/13/2023 12:49,3.30 K
12/13/2023 12:49,3.31 K
12/13/2023 12:49,3.31 K
12/13/2023 12:49,3.30 K
12/13/2023 12:49,3.30 K
12/13/2023 12:49,3.30 K
12/13/2023 12:49,3.33 K
12/13/2023 12:49,3.33 K
12/13/2023 12:49,3.31 K
12/13/2023 12:49,3.31 K
12/13/2023 12:49,3.31 K
12/13/2023 12:49,3.30 K
12/13/2023 12:49,3.30 K
12/13/2023 12:49,3.30 K
12/13/2023 12:49,3.30 K
12/13/2023 12:49,3.30 K
12/13/2023 12:49,3.30 K
12/13/2023 12:49,3.30 K
12/13/2023 12:49,3.29 K
12/13/2023 12:49,3.29 K
12/13/2023 12:49,3.29 K
12/13/2023 12:49,3.30 K
12/13/2023 12:49,3.30 K
12/13/2023 12:49,3.32 K
12/13/2023 12:50,3.32 K
12/13/2023 12:50,2.08 K
12/13/2023 12:50,3.29 K
12/13/2023 12:50,3.29 K
12/13/2023 12:50,3.30 K
12/13/2023 12:50,3.30 K
12/13/2023 12:50,3.30 K
12/13/2023 12:50,3.29 K
12/13/2023 12:50,3.29 K
12/13/2023 12:50,3.31 K
12/13/2023 12:50,3.31 K
12/13/2023 12:50,3.31 K
12/13/2023 12:50,3.29 K
12/13/2023 12:50,3.29 K
12/13/2023 12:50,3.29 K
12/13/2023 12:50,3.29 K
12/13/2023 12:50,3.29 K
12/13/2023 12:50,3.31 K
12/13/2023 12:50,3.31 K
12/13/2023 12:50,3.29 K
12/13/2023 12:50,3.29 K
12/13/2023 12:50,2.88 K
12/13/2023 12:50,3.31 K
12/13/2023 12:50,3.31 K
12/13/2023 12:50,3.30 K
12/13/2023 12:50,3.30 K
12/13/2023 12:50,3.30 K
12/13/2023 12:50,3.31 K
12/13/2023 12:50,3.31 K
12/13/2023 12:50,3.30 K
12/13/2023 12:51,3.30 K
12/13/2023 12:51,3.30 K
12/13/2023 12:51,3.21 K
12/13/2023 12:51,3.21 K
12/13/2023 12:51,3.30 K
12/13/2023 12:51,3.30 K
12/13/2023 12:51,3.30 K
12/13/2023 12:51,3.28 K
12/13/2023 12:51,3.28 K
12/13/2023 12:51,3.30 K
12/13/2023 12:51,3.30 K
12/13/2023 12:51,3.30 K
12/13/2023 12:51,3.31 K
12/13/2023 12:51,3.31 K
12/13/2023 12:51,3.30 K
12/13/2023 12:51,3.30 K
12/13/2023 12:51,3.30 K
12/13/2023 12:51,3.31 K
12/13/2023 12:51,3.31 K
12/13/2023 12:51,3.30 K
12/13/2023 12:51,3.30 K
12/13/2023 12:51,3.30 K
12/13/2023 12:51,3.29 K
12/13/2023 12:51,3.29 K
12/13/2023 12:51,3.30 K
12/13/2023 12:51,3.30 K
12/13/2023 12:51,3.30 K
12/13/2023 12:51,3.30 K
12/13/2023 12:51,3.30 K
12/13/2023 12:51,3.30 K
12/13/2023 12:52,3.30 K
12/13/2023 12:52,3.30 K
12/13/2023 12:52,3.32 K
12/13/2023 12:52,3.32 K
12/13/2023 12:52,3.30 K
12/13/2023 12:52,3.30 K
12/13/2023 12:52,3.30 K
12/13/2023 12:52,3.29 K
12/13/2023 12:52,3.29 K
12/13/2023 12:52,2.67 K
12/13/2023 12:52,2.67 K
12/13/2023 12:52,2.67 K
12/13/2023 12:52,2.85 K
12/13/2023 12:52,2.85 K
12/13/2023 12:52,2.90 K
12/13/2023 12:52,2.90 K
12/13/2023 12:52,2.90 K
12/13/2023 12:52,2.95 K
12/13/2023 12:52,2.95 K
12/13/2023 12:52,2.83 K
12/13/2023 12:52,2.83 K
12/13/2023 12:52,2.83 K
12/13/2023 12:52,2.88 K
12/13/2023 12:52,2.88 K
12/13/2023 12:52,2.84 K
12/13/2023 12:52,2.84 K
12/13/2023 12:52,2.84 K
12/13/2023 12:52,2.04 K
12/13/2023 12:52,2.04 K
12/13/2023 12:52,1.23 K
12/13/2023 12:53,1.23 K
12/13/2023 12:53,1.23 K
12/13/2023 12:53,897
12/13/2023 12:53,897
12/13/2023 12:53,847
12/13/2023 12:53,847
12/13/2023 12:53,847
12/13/2023 12:53,1.34 K
12/13/2023 12:53,1.34 K
12/13/2023 12:53,1.19 K
12/13/2023 12:53,1.19 K
12/13/2023 12:53,1.19 K
12/13/2023 12:53,975
12/13/2023 12:53,975
12/13/2023 12:53,2.25 K
12/13/2023 12:53,2.25 K
12/13/2023 12:53,2.25 K
12/13/2023 12:53,2.32 K
12/13/2023 12:53,2.32 K
12/13/2023 12:53,2.73 K
12/13/2023 12:53,2.73 K
12/13/2023 12:53,2.73 K
12/13/2023 12:53,2.61 K
12/13/2023 12:53,2.61 K
12/13/2023 12:53,2.61 K
12/13/2023 12:53,2.61 K
12/13/2023 12:53,2.61 K
12/13/2023 12:53,2.26 K
12/13/2023 12:53,2.26 K
12/13/2023 12:53,1.13 K
12/13/2023 12:54,1.13 K
12/13/2023 12:54,1.13 K
12/13/2023 12:54,788
12/13/2023 12:54,788
12/13/2023 12:54,733
12/13/2023 12:54,733
12/13/2023 12:54,733
12/13/2023 12:54,810
12/13/2023 12:54,810
12/13/2023 12:54,1.42 K
12/13/2023 12:54,1.42 K
12/13/2023 12:54,1.42 K
12/13/2023 12:54,709
12/13/2023 12:54,709
12/13/2023 12:54,1.47 K
12/13/2023 12:54,1.47 K
12/13/2023 12:54,1.47 K
12/13/2023 12:54,2.17 K
12/13/2023 12:54,2.17 K
12/13/2023 12:54,2.24 K
12/13/2023 12:54,2.24 K
12/13/2023 12:54,2.24 K
12/13/2023 12:54,2.72 K
12/13/2023 12:54,2.72 K
12/13/2023 12:54,2.50 K
12/13/2023 12:54,2.50 K
12/13/2023 12:54,2.50 K
12/13/2023 12:54,2.50 K
12/13/2023 12:54,2.50 K
12/13/2023 12:54,2.51 K
12/13/2023 12:55,2.51 K
12/13/2023 12:55,1.46 K
12/13/2023 12:55,2.41 K
12/13/2023 12:55,2.41 K
12/13/2023 12:55,1.67 K
12/13/2023 12:55,1.67 K
12/13/2023 12:55,1.67 K
12/13/2023 12:55,1.11 K
12/13/2023 12:55,1.11 K
12/13/2023 12:55,1.29 K
12/13/2023 12:55,1.29 K
12/13/2023 12:55,1.22 K
12/13/2023 12:55,1.08 K
12/13/2023 12:55,1.08 K
12/13/2023 12:55,886
12/13/2023 12:55,886
12/13/2023 12:55,629
12/13/2023 12:55,1.66 K
12/13/2023 12:55,1.66 K
12/13/2023 12:55,2.08 K
12/13/2023 12:55,2.08 K
12/13/2023 12:55,2.08 K
12/13/2023 12:55,2.35 K
12/13/2023 12:55,2.35 K
12/13/2023 12:55,2.28 K
12/13/2023 12:55,2.28 K
12/13/2023 12:55,1.56 K
12/13/2023 12:55,2.34 K
12/13/2023 12:55,2.34 K
12/13/2023 12:55,2.26 K
12/13/2023 12:56,2.26 K
12/13/2023 12:56,2.26 K
12/13/2023 12:56,2.28 K
12/13/2023 12:56,2.28 K
12/13/2023 12:56,2.23 K
12/13/2023 12:56,2.23 K
12/13/2023 12:56,2.23 K
12/13/2023 12:56,1.41 K
12/13/2023 12:56,1.41 K
12/13/2023 12:56,1.15 K
12/13/2023 12:56,1.15 K
12/13/2023 12:56,1.15 K
12/13/2023 12:56,1.55 K
12/13/2023 12:56,1.55 K
12/13/2023 12:56,1.69 K
12/13/2023 12:56,1.69 K
12/13/2023 12:56,1.69 K
12/13/2023 12:56,2.00 K
12/13/2023 12:56,2.00 K
12/13/2023 12:56,2.28 K
12/13/2023 12:56,2.28 K
12/13/2023 12:56,2.28 K
12/13/2023 12:56,2.27 K
12/13/2023 12:56,2.27 K
12/13/2023 12:56,2.70 K
12/13/2023 12:56,2.70 K
12/13/2023 12:56,2.70 K
12/13/2023 12:56,2.46 K
12/13/2023 12:56,2.46 K
12/13/2023 12:56,2.47 K
12/13/2023 12:57,2.47 K
12/13/2023 12:57,2.47 K
12/13/2023 12:57,2.46 K
12/13/2023 12:57,2.46 K
12/13/2023 12:57,2.48 K
12/13/2023 12:57,2.48 K
12/13/2023 12:57,2.48 K
12/13/2023 12:57,2.45 K
12/13/2023 12:57,2.45 K
12/13/2023 12:57,2.46 K
12/13/2023 12:57,2.46 K
12/13/2023 12:57,2.46 K
12/13/2023 12:57,2.47 K
12/13/2023 12:57,2.47 K
12/13/2023 12:57,2.46 K
12/13/2023 12:57,2.46 K
12/13/2023 12:57,2.46 K
12/13/2023 12:57,2.47 K
12/13/2023 12:57,2.47 K
12/13/2023 12:57,2.47 K
12/13/2023 12:57,2.47 K
12/13/2023 12:57,2.47 K
12/13/2023 12:57,2.46 K
12/13/2023 12:57,2.46 K
12/13/2023 12:57,2.47 K
12/13/2023 12:57,2.47 K
12/13/2023 12:57,2.47 K
12/13/2023 12:57,2.48 K
12/13/2023 12:57,2.48 K
12/13/2023 12:57,2.44 K
12/13/2023 12:58,2.44 K
12/13/2023 12:58,1.62 K
12/13/2023 12:58,2.47 K
12/13/2023 12:58,2.47 K
12/13/2023 12:58,2.46 K
12/13/2023 12:58,2.46 K
12/13/2023 12:58,2.46 K
12/13/2023 12:58,2.46 K
12/13/2023 12:58,2.46 K
12/13/2023 12:58,2.43 K
12/13/2023 12:58,2.43 K
12/13/2023 12:58,2.43 K
12/13/2023 12:58,2.48 K
12/13/2023 12:58,2.48 K
12/13/2023 12:58,2.47 K
12/13/2023 12:58,2.47 K
12/13/2023 12:58,2.47 K
12/13/2023 12:58,2.46 K
12/13/2023 12:58,2.46 K
12/13/2023 12:58,2.47 K
12/13/2023 12:58,2.47 K
12/13/2023 12:58,2.47 K
12/13/2023 12:58,2.47 K
12/13/2023 12:58,2.47 K
12/13/2023 12:58,2.47 K
12/13/2023 12:58,2.47 K
12/13/2023 12:58,2.47 K
12/13/2023 12:58,2.48 K
12/13/2023 12:58,2.48 K
12/13/2023 12:58,2.47 K
12/13/2023 12:59,2.47 K
12/13/2023 12:59,2.47 K
12/13/2023 12:59,2.47 K
12/13/2023 12:59,2.47 K
12/13/2023 12:59,2.46 K
12/13/2023 12:59,2.46 K
12/13/2023 12:59,2.46 K
12/13/2023 12:59,2.57 K
12/13/2023 12:59,2.57 K
12/13/2023 12:59,2.58 K
12/13/2023 12:59,2.58 K
12/13/2023 12:59,2.58 K
12/13/2023 12:59,2.59 K
12/13/2023 12:59,2.59 K
12/13/2023 12:59,2.59 K
12/13/2023 12:59,2.59 K
12/13/2023 12:59,2.59 K
12/13/2023 12:59,2.60 K
12/13/2023 12:59,2.60 K
12/13/2023 12:59,2.60 K
12/13/2023 12:59,2.60 K
12/13/2023 12:59,2.60 K
12/13/2023 12:59,2.59 K
12/13/2023 12:59,2.59 K
12/13/2023 12:59,2.59 K
12/13/2023 12:59,2.59 K
12/13/2023 12:59,2.59 K
12/13/2023 12:59,2.59 K
12/13/2023 12:59,2.59 K
12/13/2023 12:59,2.59 K
12/13/2023 13:00,2.59 K
12/13/2023 13:00,
12/13/2023 13:00,2.59 K
12/13/2023 13:00,2.59 K
12/13/2023 13:00,2.61 K
12/13/2023 13:00,2.61 K
12/13/2023 13:00,2.61 K
12/13/2023 13:00,2.89 K
12/13/2023 13:00,2.89 K
12/13/2023 13:00,2.66 K
12/13/2023 13:00,2.66 K
12/13/2023 13:00,2.66 K
12/13/2023 13:00,2.60 K
12/13/2023 13:00,2.60 K
12/13/2023 13:00,2.51 K
12/13/2023 13:00,2.51 K
12/13/2023 13:00,704
12/13/2023 13:00,2.61 K
12/13/2023 13:00,2.61 K
12/13/2023 13:00,2.59 K
12/13/2023 13:00,2.59 K
12/13/2023 13:00,2.59 K
12/13/2023 13:00,2.57 K
12/13/2023 13:00,2.34 K
12/13/2023 13:00,2.53 K
12/13/2023 13:00,2.53 K
12/13/2023 13:00,2.53 K
12/13/2023 13:00,3.17 K
12/13/2023 13:00,3.17 K
12/13/2023 13:00,2.66 K
12/13/2023 13:01,2.66 K
12/13/2023 13:01,2.66 K
12/13/2023 13:01,2.61 K
12/13/2023 13:01,2.61 K
12/13/2023 13:01,2.59 K
12/13/2023 13:01,2.59 K
12/13/2023 13:01,2.12 K
12/13/2023 13:01,2.58 K
12/13/2023 13:01,2.58 K
12/13/2023 13:01,2.63 K
12/13/2023 13:01,2.63 K
12/13/2023 13:01,2.63 K
12/13/2023 13:01,2.60 K
12/13/2023 13:01,2.60 K
12/13/2023 13:01,2.60 K
12/13/2023 13:01,2.60 K
12/13/2023 13:01,2.59 K
12/13/2023 13:01,2.55 K
12/13/2023 13:01,2.55 K
12/13/2023 13:01,2.44 K
12/13/2023 13:01,2.44 K
12/13/2023 13:01,984
12/13/2023 13:01,3.00 K
12/13/2023 13:01,3.00 K
12/13/2023 13:01,2.82 K
12/13/2023 13:01,2.82 K
12/13/2023 13:01,2.36 K
12/13/2023 13:01,2.60 K
12/13/2023 13:01,2.60 K
12/13/2023 13:01,2.61 K
12/13/2023 13:02,2.61 K
12/13/2023 13:02,2.61 K
12/13/2023 13:02,2.61 K
12/13/2023 13:02,2.61 K
12/13/2023 13:02,2.59 K
12/13/2023 13:02,2.59 K
12/13/2023 13:02,2.59 K
12/13/2023 13:02,2.60 K
12/13/2023 13:02,2.60 K
12/13/2023 13:02,2.59 K
12/13/2023 13:02,2.59 K
12/13/2023 13:02,2.59 K
12/13/2023 13:02,2.61 K
12/13/2023 13:02,2.61 K
12/13/2023 13:02,1.66 K
12/13/2023 13:02,1.66 K
12/13/2023 13:02,1.66 K
12/13/2023 13:02,2.16 K
12/13/2023 13:02,2.16 K
12/13/2023 13:02,2.36 K
12/13/2023 13:02,2.36 K
12/13/2023 13:02,2.36 K
12/13/2023 13:02,1.98 K
12/13/2023 13:02,1.98 K
12/13/2023 13:02,2.00 K
12/13/2023 13:02,2.00 K
12/13/2023 13:02,2.00 K
12/13/2023 13:02,1.96 K
12/13/2023 13:02,1.96 K
12/13/2023 13:02,1.43 K
12/13/2023 13:03,1.43 K
12/13/2023 13:03,1.43 K
12/13/2023 13:03,1.14 K
12/13/2023 13:03,1.14 K
12/13/2023 13:03,715
12/13/2023 13:03,715
12/13/2023 13:03,715
12/13/2023 13:03,358
12/13/2023 13:03,358
12/13/2023 13:03,556
12/13/2023 13:03,556
12/13/2023 13:03,556
12/13/2023 13:03,1.35 K
12/13/2023 13:03,1.35 K
12/13/2023 13:03,1.96 K
12/13/2023 13:03,1.96 K
12/13/2023 13:03,1.96 K
12/13/2023 13:03,1.86 K
12/13/2023 13:03,1.86 K
12/13/2023 13:03,1.93 K
12/13/2023 13:03,1.93 K
12/13/2023 13:03,1.93 K
12/13/2023 13:03,1.76 K
12/13/2023 13:03,1.76 K
12/13/2023 13:03,1.86 K
12/13/2023 13:03,1.86 K
12/13/2023 13:03,1.86 K
12/13/2023 13:03,1.67 K
12/13/2023 13:03,1.67 K
12/13/2023 13:03,846
12/13/2023 13:04,846
12/13/2023 13:04,846
12/13/2023 13:04,515
12/13/2023 13:04,515
12/13/2023 13:04,690
12/13/2023 13:04,690
12/13/2023 13:04,690
12/13/2023 13:04,461
12/13/2023 13:04,461
12/13/2023 13:04,508
12/13/2023 13:04,508
12/13/2023 13:04,508
12/13/2023 13:04,1.13 K
12/13/2023 13:04,1.13 K
12/13/2023 13:04,1.42 K
12/13/2023 13:04,1.42 K
12/13/2023 13:04,1.42 K
12/13/2023 13:04,1.82 K
12/13/2023 13:04,1.82 K
12/13/2023 13:04,1.74 K
12/13/2023 13:04,1.74 K
12/13/2023 13:04,1.74 K
12/13/2023 13:04,1.61 K
12/13/2023 13:04,1.61 K
12/13/2023 13:04,1.68 K
12/13/2023 13:04,1.68 K
12/13/2023 13:04,1.68 K
12/13/2023 13:04,1.57 K
12/13/2023 13:04,1.57 K
12/13/2023 13:04,1.02 K
12/13/2023 13:05,1.02 K
12/13/2023 13:05,701
12/13/2023 13:05,751
12/13/2023 13:05,751
12/13/2023 13:05,654
12/13/2023 13:05,654
12/13/2023 13:05,654
12/13/2023 13:05,799
12/13/2023 13:05,799
12/13/2023 13:05,349
12/13/2023 13:05,349
12/13/2023 13:05,349
12/13/2023 13:05,843
12/13/2023 13:05,843
12/13/2023 13:05,1.20 K
12/13/2023 13:05,1.20 K
12/13/2023 13:05,1.02 K
12/13/2023 13:05,1.58 K
12/13/2023 13:05,1.58 K
12/13/2023 13:05,1.46 K
12/13/2023 13:05,1.46 K
12/13/2023 13:05,1.46 K
12/13/2023 13:05,1.45 K
12/13/2023 13:05,1.45 K
12/13/2023 13:05,1.44 K
12/13/2023 13:05,1.44 K
12/13/2023 13:05,1.44 K
12/13/2023 13:05,1.45 K
12/13/2023 13:05,1.45 K
12/13/2023 13:05,1.39 K
12/13/2023 13:06,1.39 K
12/13/2023 13:06,1.39 K
12/13/2023 13:06,1.04 K
12/13/2023 13:06,1.04 K
12/13/2023 13:06,873
12/13/2023 13:06,873
12/13/2023 13:06,873
12/13/2023 13:06,1.22 K
12/13/2023 13:06,1.22 K
12/13/2023 13:06,1.67 K
12/13/2023 13:06,1.67 K
12/13/2023 13:06,1.67 K
12/13/2023 13:06,1.70 K
12/13/2023 13:06,1.70 K
12/13/2023 13:06,1.66 K
12/13/2023 13:06,1.66 K
12/13/2023 13:06,849
12/13/2023 13:06,1.64 K
12/13/2023 13:06,1.64 K
12/13/2023 13:06,1.65 K
12/13/2023 13:06,1.65 K
12/13/2023 13:06,1.65 K
12/13/2023 13:06,1.67 K
12/13/2023 13:06,1.67 K
12/13/2023 13:06,1.65 K
12/13/2023 13:06,1.65 K
12/13/2023 13:06,1.65 K
12/13/2023 13:06,1.66 K
12/13/2023 13:06,1.66 K
12/13/2023 13:06,1.67 K
12/13/2023 13:07,1.67 K
12/13/2023 13:07,1.67 K
12/13/2023 13:07,1.66 K
12/13/2023 13:07,1.66 K
12/13/2023 13:07,1.67 K
12/13/2023 13:07,1.67 K
12/13/2023 13:07,1.67 K
12/13/2023 13:07,1.62 K
12/13/2023 13:07,1.62 K
12/13/2023 13:07,1.66 K
12/13/2023 13:07,1.66 K
12/13/2023 13:07,1.66 K
12/13/2023 13:07,1.68 K
12/13/2023 13:07,1.68 K
12/13/2023 13:07,1.64 K
12/13/2023 13:07,1.64 K
12/13/2023 13:07,1.64 K
12/13/2023 13:07,1.66 K
12/13/2023 13:07,1.66 K
12/13/2023 13:07,1.68 K
12/13/2023 13:07,1.68 K
12/13/2023 13:07,1.68 K
12/13/2023 13:07,1.66 K
12/13/2023 13:07,1.66 K
12/13/2023 13:07,1.66 K
12/13/2023 13:07,1.66 K
12/13/2023 13:07,1.66 K
12/13/2023 13:07,1.65 K
12/13/2023 13:07,1.65 K
12/13/2023 13:07,1.68 K
12/13/2023 13:08,1.68 K
12/13/2023 13:08,1.68 K
12/13/2023 13:08,1.66 K
12/13/2023 13:08,1.66 K
12/13/2023 13:08,1.68 K
12/13/2023 13:08,1.68 K
12/13/2023 13:08,1.68 K
12/13/2023 13:08,1.66 K
12/13/2023 13:08,1.66 K
12/13/2023 13:08,1.66 K
12/13/2023 13:08,1.66 K
12/13/2023 13:08,1.66 K
12/13/2023 13:08,1.65 K
12/13/2023 13:08,1.65 K
12/13/2023 13:08,1.69 K
12/13/2023 13:08,1.69 K
12/13/2023 13:08,1.69 K
12/13/2023 13:08,1.67 K
12/13/2023 13:08,1.67 K
12/13/2023 13:08,1.67 K
12/13/2023 13:08,1.67 K
12/13/2023 13:08,1.67 K
12/13/2023 13:08,1.67 K
12/13/2023 13:08,1.67 K
12/13/2023 13:08,1.69 K
12/13/2023 13:08,1.69 K
12/13/2023 13:08,1.69 K
12/13/2023 13:08,1.68 K
12/13/2023 13:08,1.68 K
12/13/2023 13:08,1.69 K
12/13/2023 13:09,1.69 K
12/13/2023 13:09,1.69 K
12/13/2023 13:09,1.68 K
12/13/2023 13:09,1.68 K
12/13/2023 13:09,1.69 K
12/13/2023 13:09,1.69 K
12/13/2023 13:09,1.69 K
12/13/2023 13:09,1.69 K
12/13/2023 13:09,1.69 K
12/13/2023 13:09,1.70 K
12/13/2023 13:09,1.70 K
12/13/2023 13:09,1.70 K
12/13/2023 13:09,2.09 K
12/13/2023 13:09,1.86 K
12/13/2023 13:09,1.75 K
12/13/2023 13:09,1.75 K
12/13/2023 13:09,1.75 K
12/13/2023 13:09,1.70 K
12/13/2023 13:09,1.70 K
12/13/2023 13:09,1.69 K
12/13/2023 13:09,1.69 K
12/13/2023 13:09,1.69 K
12/13/2023 13:09,1.67 K
12/13/2023 13:09,1.67 K
12/13/2023 13:09,1.71 K
12/13/2023 13:09,1.71 K
12/13/2023 13:09,1.71 K
12/13/2023 13:09,1.65 K
12/13/2023 13:09,1.65 K
12/13/2023 13:09,1.69 K
12/13/2023 13:10,1.69 K
12/13/2023 13:10,241
12/13/2023 13:10,1.70 K
12/13/2023 13:10,1.70 K
12/13/2023 13:10,1.68 K
12/13/2023 13:10,1.68 K
12/13/2023 13:10,1.44 K
12/13/2023 13:10,1.71 K
12/13/2023 13:10,1.71 K
12/13/2023 13:10,1.69 K
12/13/2023 13:10,1.68 K
12/13/2023 13:10,1.68 K
12/13/2023 13:10,1.67 K
12/13/2023 13:10,1.44 K
12/13/2023 13:10,1.98 K
12/13/2023 13:10,1.98 K
12/13/2023 13:10,1.74 K
12/13/2023 13:10,1.85 K
12/13/2023 13:10,1.85 K
12/13/2023 13:10,1.70 K
12/13/2023 13:10,1.70 K
12/13/2023 13:10,1.70 K
12/13/2023 13:10,1.70 K
12/13/2023 13:10,1.70 K
12/13/2023 13:10,1.64 K
12/13/2023 13:10,1.64 K
12/13/2023 13:10,1.64 K
12/13/2023 13:10,1.70 K
12/13/2023 13:10,1.70 K
12/13/2023 13:10,1.71 K
12/13/2023 13:11,1.71 K
12/13/2023 13:11,1.70 K
12/13/2023 13:11,1.67 K
12/13/2023 13:11,1.67 K
12/13/2023 13:11,1.78 K
12/13/2023 13:11,1.78 K
12/13/2023 13:11,1.78 K
12/13/2023 13:11,1.72 K
12/13/2023 13:11,1.72 K
12/13/2023 13:11,1.72 K
12/13/2023 13:11,1.72 K
12/13/2023 13:11,1.72 K
12/13/2023 13:11,1.71 K
12/13/2023 13:11,1.71 K
12/13/2023 13:11,1.65 K
12/13/2023 13:11,1.65 K
12/13/2023 13:11,1.65 K
12/13/2023 13:11,1.72 K
12/13/2023 13:11,1.72 K
12/13/2023 13:11,1.67 K
12/13/2023 13:11,1.67 K
12/13/2023 13:11,1.67 K
12/13/2023 13:11,1.72 K
12/13/2023 13:11,1.72 K
12/13/2023 13:11,1.68 K
12/13/2023 13:11,1.68 K
12/13/2023 13:11,1.68 K
12/13/2023 13:11,1.74 K
12/13/2023 13:11,1.74 K
12/13/2023 13:11,1.54 K
12/13/2023 13:12,1.54 K
12/13/2023 13:12,1.54 K
12/13/2023 13:12,1.87 K
12/13/2023 13:12,1.87 K
12/13/2023 13:12,1.94 K
12/13/2023 13:12,1.94 K
12/13/2023 13:12,1.94 K
12/13/2023 13:12,1.72 K
12/13/2023 13:12,1.72 K
12/13/2023 13:12,1.70 K
12/13/2023 13:12,1.70 K
12/13/2023 13:12,1.70 K
12/13/2023 13:12,1.71 K
12/13/2023 13:12,1.71 K
12/13/2023 13:12,1.70 K
12/13/2023 13:12,1.70 K
12/13/2023 13:12,1.70 K
12/13/2023 13:12,1.71 K
12/13/2023 13:12,1.71 K
12/13/2023 13:12,1.69 K
12/13/2023 13:12,1.69 K
12/13/2023 13:12,1.69 K
12/13/2023 13:12,1.72 K
12/13/2023 13:12,1.72 K
12/13/2023 13:12,1.72 K
12/13/2023 13:12,1.72 K
12/13/2023 13:12,1.72 K
12/13/2023 13:12,1.73 K
12/13/2023 13:12,1.73 K
12/13/2023 13:12,1.68 K
12/13/2023 13:13,1.68 K
12/13/2023 13:13,1.68 K
12/13/2023 13:13,1.71 K
12/13/2023 13:13,1.71 K
12/13/2023 13:13,1.71 K
12/13/2023 13:13,1.71 K
12/13/2023 13:13,1.71 K
12/13/2023 13:13,1.69 K
12/13/2023 13:13,1.69 K
12/13/2023 13:13,1.73 K
12/13/2023 13:13,1.73 K
12/13/2023 13:13,1.73 K
12/13/2023 13:13,1.72 K
12/13/2023 13:13,1.72 K
12/13/2023 13:13,1.73 K
12/13/2023 13:13,1.73 K
12/13/2023 13:13,1.73 K
12/13/2023 13:13,1.71 K
12/13/2023 13:13,1.71 K
12/13/2023 13:13,1.69 K
12/13/2023 13:13,1.69 K
12/13/2023 13:13,1.69 K
12/13/2023 13:13,1.74 K
12/13/2023 13:13,1.74 K
12/13/2023 13:13,1.72 K
12/13/2023 13:13,1.72 K
12/13/2023 13:13,1.72 K
12/13/2023 13:13,1.72 K
12/13/2023 13:13,1.72 K
12/13/2023 13:13,1.70 K
12/13/2023 13:14,1.70 K
12/13/2023 13:14,1.70 K
12/13/2023 13:14,1.65 K
12/13/2023 13:14,1.65 K
12/13/2023 13:14,1.71 K
12/13/2023 13:14,1.71 K
12/13/2023 13:14,1.71 K
12/13/2023 13:14,1.72 K
12/13/2023 13:14,1.72 K
12/13/2023 13:14,1.72 K
12/13/2023 13:14,1.72 K
12/13/2023 13:14,1.72 K
12/13/2023 13:14,1.73 K
12/13/2023 13:14,1.73 K
12/13/2023 13:14,1.70 K
12/13/2023 13:14,1.70 K
12/13/2023 13:14,1.70 K
12/13/2023 13:14,1.75 K
12/13/2023 13:14,1.75 K
12/13/2023 13:14,1.74 K
12/13/2023 13:14,1.74 K
12/13/2023 13:14,1.74 K
12/13/2023 13:14,1.73 K
12/13/2023 13:14,1.73 K
12/13/2023 13:14,1.73 K
12/13/2023 13:14,1.73 K
12/13/2023 13:14,1.73 K
12/13/2023 13:14,1.74 K
12/13/2023 13:14,1.74 K
12/13/2023 13:14,1.75 K
12/13/2023 13:15,1.75 K
12/13/2023 13:15,1.75 K
12/13/2023 13:15,1.71 K
12/13/2023 13:15,1.71 K
12/13/2023 13:15,1.75 K
12/13/2023 13:15,1.75 K
12/13/2023 13:15,1.75 K
12/13/2023 13:15,1.74 K
12/13/2023 13:15,1.74 K
12/13/2023 13:15,1.74 K
